73af7d230348317a7958280bf4c8369efdbec999,2025-05-26T15:07:31Z
73af7d230348317a7958280bf4c8369efdbec999,2026-07-21T14:27:12Z
7f8c690f8292932fd2e8ed650244ebd7135f4f8f,2026-04-03T16:11:30Z
7f8c690f8292932fd2e8ed650244ebd7135f4f8f,2024-01-24T13:51:53Z
7f8c690f8292932fd2e8ed650244ebd7135f4f8f,2023-01-23T11:37:02Z
7f8c690f8292932fd2e8ed650244ebd7135f4f8f,2025-09-19T19:53:01Z
7f8c690f8292932fd2e8ed650244ebd7135f4f8f,2025-07-16T12:41:27Z
7f8c690f8292932fd2e8ed650244ebd7135f4f8f,2025-06-05T22:17:49Z
dd69a11107673032fdb1b1f3db0399ed30ce4945,2023-10-21T19:06:17Z
dd69a11107673032fdb1b1f3db0399ed30ce4945,2024-08-06T22:28:07Z
2e1c60ded60240aa06a7de1b96005aa055d1233e,2026-02-27T14:32:55Z
dc0a82c9912f1ab954d6584f6f4dfb4fce25dec1,2025-12-05T00:12:26Z
dc0a82c9912f1ab954d6584f6f4dfb4fce25dec1,2025-07-09T10:18:15Z
bfedb6b3ac2cc36d1add1c4906b3682d0af876f2,2023-01-11T22:15:01Z
bfedb6b3ac2cc36d1add1c4906b3682d0af876f2,2026-02-17T19:55:05Z
cde497a2c0273fa62144381b946a1bdc059ef193,2024-09-06T00:03:25Z
4f94063093021cfbee0b5b904ac9c07e6aa8de7f,2025-11-15T20:20:22Z
c5b7319bc058dbb4d511833c094eaa313df1a9a9,2025-09-15T23:15:25Z
ab55ec792daf98bfd7f7345d065989171adaab6f,2024-08-06T11:27:38Z
ab55ec792daf98bfd7f7345d065989171adaab6f,2024-12-30T22:18:09Z
ab55ec792daf98bfd7f7345d065989171adaab6f,2023-08-25T13:31:16Z
ab55ec792daf98bfd7f7345d065989171adaab6f,2024-04-24T13:14:27Z
ab55ec792daf98bfd7f7345d065989171adaab6f,2023-08-03T18:01:31Z
b85179419ee55bfe8c4c71a42f3ce047f81542cc,2025-02-07T20:06:25Z
c93eaa2dd9865db97b264208ec9558e3f5a522da,2025-05-15T19:05:47Z
c0eb08afb24f6f99ea129a6daa2e6a5527b48c59,2024-01-04T13:56:27Z
c0eb08afb24f6f99ea129a6daa2e6a5527b48c59,2023-10-20T00:30:45Z
c0eb08afb24f6f99ea129a6daa2e6a5527b48c59,2023-03-23T22:57:20Z
e3b4a6e3c874d900caa851a6177d40b39c18ae4f,2024-02-08T21:33:42Z
c1cce700a6e0f8ed8d47440fcf667791080415ea,2024-05-13T11:45:14Z
c1cce700a6e0f8ed8d47440fcf667791080415ea,2024-03-07T23:21:52Z
423b6fa9733a01cfa56ffdb3b9548352e5589adc,2023-12-30T00:07:38Z
423b6fa9733a01cfa56ffdb3b9548352e5589adc,2024-07-26T17:27:08Z
baf3069cfe11bd0bc20b15dc4d6c55e146c9894e,2025-02-17T13:34:23Z
53d1a4469da3a6e5a7a8b8a6044fab63c1138e3e,2024-12-23T14:22:15Z
28453139e5d62a699c32bb9d117ca3489bafd125,2023-06-15T19:48:37Z
6978b4f349f06ab5f810354140b9aeecbedf8ed4,2024-05-23T21:03:51Z
6978b4f349f06ab5f810354140b9aeecbedf8ed4,2026-07-03T16:05:31Z
87235f228c3faa65df3ba770911368c59faf5ef2,2025-02-06T22:18:21Z
87235f228c3faa65df3ba770911368c59faf5ef2,2023-04-14T23:30:35Z
86043453e61d12379aa16e68f472e2eb01dc3a2a,2024-02-13T22:43:33Z
86043453e61d12379aa16e68f472e2eb01dc3a2a,2023-05-01T13:48:24Z
1851a3b40f4cebf33b10acc0239a4f8b4d58ab0a,2024-07-10T15:14:43Z
1851a3b40f4cebf33b10acc0239a4f8b4d58ab0a,2025-10-25T23:56:13Z
1851a3b40f4cebf33b10acc0239a4f8b4d58ab0a,2024-11-07T12:55:12Z
1851a3b40f4cebf33b10acc0239a4f8b4d58ab0a,2025-10-04T16:31:00Z
d8c2637c26ff5fdfd4a752c96dec2508f01f465c,2025-12-13T01:44:41Z
d8c2637c26ff5fdfd4a752c96dec2508f01f465c,2025-09-02T14:25:04Z
d8c2637c26ff5fdfd4a752c96dec2508f01f465c,2025-01-07T11:52:34Z
d8c2637c26ff5fdfd4a752c96dec2508f01f465c,2024-02-08T14:00:32Z
481942de2003f1f00e564e294e489ac029c3b148,2023-01-28T00:23:24Z
be479c958be75269e6d0b88d44242834ab76a0f5,2025-09-28T12:08:53Z
be479c958be75269e6d0b88d44242834ab76a0f5,2023-04-06T22:14:07Z
be479c958be75269e6d0b88d44242834ab76a0f5,2025-12-31T23:14:16Z
8314937ee8057fcc40ba3067efa470cf6a634130,2025-02-06T12:53:29Z
8314937ee8057fcc40ba3067efa470cf6a634130,2026-04-01T16:10:40Z
f244f6ff2fb831c0e7c9e11c623af730d6ed455d,2025-05-22T10:17:54Z
f244f6ff2fb831c0e7c9e11c623af730d6ed455d,2023-09-20T16:18:43Z
f244f6ff2fb831c0e7c9e11c623af730d6ed455d,2023-03-23T10:41:09Z
f244f6ff2fb831c0e7c9e11c623af730d6ed455d,2023-01-20T22:12:09Z
219e9ef3ae838d14a51f1794e7d0030b0f35f504,2024-10-05T00:58:29Z
414a02beb9616f92af9b3d4cf45abb200f0972fc,2025-01-14T20:39:51Z
414a02beb9616f92af9b3d4cf45abb200f0972fc,2025-08-05T14:12:03Z
dc29e769bd2343db9a45c97a5cf4b74e4c00022b,2024-03-19T00:32:03Z
3dc44daf218d19dd3ce8976a54e3ffd630d59583,2023-10-11T23:14:17Z
3dc44daf218d19dd3ce8976a54e3ffd630d59583,2023-04-03T19:26:11Z
41734d2be46199fef7026b48292b826704c30b70,2025-06-11T14:05:42Z
41734d2be46199fef7026b48292b826704c30b70,2026-07-16T21:41:01Z
3c59f9806067d26883f69454283ed823849e4e1a,2026-03-07T14:51:50Z
3c59f9806067d26883f69454283ed823849e4e1a,2023-04-12T17:29:02Z
3c59f9806067d26883f69454283ed823849e4e1a,2025-11-10T01:33:58Z
3c59f9806067d26883f69454283ed823849e4e1a,2025-03-13T21:20:53Z
082bba92f6d6d9674a7e61b5659ece293aa2221a,2026-08-15T00:43:35Z
082bba92f6d6d9674a7e61b5659ece293aa2221a,2024-11-11T14:24:08Z
128fea99d31dc3ca6d8b7dbaaf78f6e9355c2dc1,2023-05-28T13:07:05Z
128fea99d31dc3ca6d8b7dbaaf78f6e9355c2dc1,2024-02-26T21:30:23Z
f9c3162cb74aa09e6545bc11ac388f594eb42731,2025-04-02T17:06:15Z
fcaae8a739ab1ff696d9ca4545a75aba221a21a4,2024-12-03T11:20:11Z
b77f96e3b0e03ecc204e7ae0de74e2ec75081ec6,2024-10-05T12:13:52Z
b77f96e3b0e03ecc204e7ae0de74e2ec75081ec6,2025-11-03T18:26:05Z
808bac95acba305882b93c913347a1b659db48bc,2023-01-13T20:26:24Z
b6f7ab47ed33a98803676f1afdeb43fa914061f1,2025-08-15T13:49:34Z
6f78856d63b4137bc2bc36e6564d2c48b90fdc10,2023-08-25T13:05:11Z
42dee69172d671468005f1bcbcbd6290a93ddf62,2025-04-02T19:16:55Z
42dee69172d671468005f1bcbcbd6290a93ddf62,2025-02-04T20:01:22Z
42dee69172d671468005f1bcbcbd6290a93ddf62,2023-05-23T21:23:40Z
42dee69172d671468005f1bcbcbd6290a93ddf62,2023-07-17T13:34:20Z
42dee69172d671468005f1bcbcbd6290a93ddf62,2023-11-28T20:24:30Z
42dee69172d671468005f1bcbcbd6290a93ddf62,2023-04-28T12:04:46Z
75b211245ae34b1c4de2c98b11980b7dbc917452,2025-08-15T12:10:55Z
75b211245ae34b1c4de2c98b11980b7dbc917452,2025-07-02T18:12:13Z
75b211245ae34b1c4de2c98b11980b7dbc917452,2025-07-18T16:38:31Z
75b211245ae34b1c4de2c98b11980b7dbc917452,2025-10-17T15:46:56Z
75b211245ae34b1c4de2c98b11980b7dbc917452,2024-10-10T12:26:38Z
0d11a0158062756c8ac9cb881ee66f10427e0e47,2024-09-10T19:35:22Z
a720da3e33df6a4726a3de766fef316e1a42f525,2026-05-19T11:39:21Z
3018fd220f5c07423baecc7972ff2712feef70bd,2023-07-26T22:11:17Z
3018fd220f5c07423baecc7972ff2712feef70bd,2026-03-18T10:33:14Z
13bdbde1aadabb521e061c2aa76b807b960e3beb,2023-06-26T18:24:06Z
13bdbde1aadabb521e061c2aa76b807b960e3beb,2023-12-14T12:31:41Z
95dbda655910f6fec4452fc99768e0c8ecc31268,2023-07-20T18:10:15Z
0c226b2ea6222d9e082b5434c850979c32b15bfd,2025-02-27T19:25:43Z
0c226b2ea6222d9e082b5434c850979c32b15bfd,2026-04-22T23:07:30Z
8fdf7c3027d7cdfff9b92f43db51b0bebb75a974,2023-05-02T22:30:18Z
8fdf7c3027d7cdfff9b92f43db51b0bebb75a974,2025-07-29T22:53:57Z
8fdf7c3027d7cdfff9b92f43db51b0bebb75a974,2023-01-18T12:43:05Z
1f043978b2a6098b94f949548b69e27de2ea0f9b,2025-09-09T23:21:53Z
892cd595da0259067089613720850fa19db23504,2024-04-12T12:27:12Z
12da6c95c196889340b9624a8920e6a83a31ba30,2025-03-10T15:18:55Z
083d6187e23b0711ce8294c2eca45245cd9b1b05,2024-03-25T11:33:20Z
a975de58e1e70262fb7bada9d9d78005f00c6230,2023-01-19T16:37:13Z
512d3e754f227a6c3d06200451a68c916589e963,2025-07-31T17:35:16Z
f3e44a9ef90546ad2f91e93518e1624b5e17a7bc,2024-06-05T11:04:23Z
36b03955ef316c86aea442c0fe6ee8ab0e5c112c,2025-01-23T00:39:02Z
36b03955ef316c86aea442c0fe6ee8ab0e5c112c,2024-08-23T21:44:20Z
36b03955ef316c86aea442c0fe6ee8ab0e5c112c,2025-05-22T22:03:18Z
36b03955ef316c86aea442c0fe6ee8ab0e5c112c,2026-08-28T14:37:03Z
c81ee429ada5957d8be6c30f13ab71f2fd0fd561,2024-09-19T10:32:41Z
ee7d47187092cff94cc49cab2f4f243504cf4592,2025-06-06T18:25:10Z
ee7d47187092cff94cc49cab2f4f243504cf4592,2025-06-25T10:32:52Z
fd2a7672abc21b92085e1c05d63f71abdf9853be,2024-01-23T16:41:01Z
fd2a7672abc21b92085e1c05d63f71abdf9853be,2025-09-16T17:51:42Z
77829bdef310588b14225e249e325ed223a6f4a0,2026-03-02T23:19:13Z
7031b84852f1b98dacedf701dc20f3fb0fd40eda,2026-01-23T18:55:21Z
ca70ce4b42a95f075dc5b5eb5f05c29645c44d99,2023-10-24T22:08:03Z
8874ca62b33e6bc65959be0f66aac251d52e8f1a,2025-11-05T01:55:13Z
8874ca62b33e6bc65959be0f66aac251d52e8f1a,2024-08-14T19:44:39Z
15c0d0569b2e4002c70a720fa2f11d0e58174a6f,2023-02-23T01:32:48Z
15c0d0569b2e4002c70a720fa2f11d0e58174a6f,2024-08-05T23:18:41Z
15c0d0569b2e4002c70a720fa2f11d0e58174a6f,2026-07-31T10:20:03Z
15c0d0569b2e4002c70a720fa2f11d0e58174a6f,2025-11-03T12:29:26Z
15c0d0569b2e4002c70a720fa2f11d0e58174a6f,2023-11-09T13:57:00Z
842b8c0958c026b15d0a8975db613db51f8b71ea,2023-12-25T16:54:16Z
842b8c0958c026b15d0a8975db613db51f8b71ea,2025-01-27T14:16:25Z
842b8c0958c026b15d0a8975db613db51f8b71ea,2026-07-01T12:49:28Z
d4e8f27c2cfe920258d1d2e909cf89dbc60343b4,2024-09-09T13:44:20Z
d4e8f27c2cfe920258d1d2e909cf89dbc60343b4,2024-08-15T18:25:40Z
9340ee71f21e83bdecd98192cbda323f7a4a9615,2026-08-05T22:48:32Z
9340ee71f21e83bdecd98192cbda323f7a4a9615,2024-10-08T23:00:44Z
9340ee71f21e83bdecd98192cbda323f7a4a9615,2024-12-16T17:07:39Z
9340ee71f21e83bdecd98192cbda323f7a4a9615,2024-07-10T15:05:02Z
9340ee71f21e83bdecd98192cbda323f7a4a9615,2024-07-01T11:45:54Z
9340ee71f21e83bdecd98192cbda323f7a4a9615,2024-04-26T15:21:18Z
3bf947151e6c6fda0edf5b1fb65eb0c91c166b6f,2025-04-08T20:04:49Z
b403b3d9abd85fe802e9ee2a6b1f9622b287c26b,2025-03-05T22:29:53Z
bdb4d1558a7dde59e1e7b1cf380114a2d8fa0f31,2026-02-07T20:35:00Z
bdb4d1558a7dde59e1e7b1cf380114a2d8fa0f31,2023-02-02T17:24:24Z
0415a4e253d614129cf2d586beb05cf74bdf6ccc,2023-03-08T14:27:03Z
55b5e47f20a3544125c1e1abbf17dd919a4adbf8,2023-02-02T22:13:27Z
55b5e47f20a3544125c1e1abbf17dd919a4adbf8,2026-01-19T20:25:07Z
55b5e47f20a3544125c1e1abbf17dd919a4adbf8,2024-08-23T13:18:43Z
55b5e47f20a3544125c1e1abbf17dd919a4adbf8,2025-08-13T16:40:47Z
30e30818f9445f621ccc0d57b8cd0144b3dbaa31,2024-04-03T17:19:02Z
30e30818f9445f621ccc0d57b8cd0144b3dbaa31,2024-04-02T11:42:26Z
30e30818f9445f621ccc0d57b8cd0144b3dbaa31,2024-09-13T15:48:10Z
3f171b4f388c95ebff406fd0d8c83aa3beab6f1e,2025-02-26T11:15:03Z
3109728aaec3fbb8d5db0855c8283d1e8a2f3970,2023-11-28T20:21:23Z
3109728aaec3fbb8d5db0855c8283d1e8a2f3970,2024-05-31T12:42:15Z
3109728aaec3fbb8d5db0855c8283d1e8a2f3970,2026-04-13T21:06:07Z
9ef1998ae1daabaf290f6e4c195ad6c6bad4d3a8,2024-07-18T17:54:05Z
9ef1998ae1daabaf290f6e4c195ad6c6bad4d3a8,2025-07-09T22:02:08Z
9ef1998ae1daabaf290f6e4c195ad6c6bad4d3a8,2023-04-03T10:16:05Z
7bff03b02139f5ad1a57a09fb411ffd0ea7684bc,2025-01-15T12:09:42Z
